routeId,weather_start,weather_category,total_alerts
1,2013-03-01 05:00:00+00:00,Clear,1
1,2013-03-20 05:00:00+00:00,Clear,1
1,2013-03-25 05:00:00+00:00,Cloudy/Other,1
1,2013-03-28 05:00:00+00:00,Clear,1
1,2014-01-06 08:00:00+00:00,Rain,1
1,2014-08-12 17:00:00+00:00,Cloudy/Other,1
1,2016-01-23 16:00:00+00:00,Snow,1
1,2016-01-23 22:00:00+00:00,Snow,1
1,2016-02-05 08:00:00+00:00,Snow,1
1,2016-02-08 12:00:00+00:00,Cloudy/Other,1
1,2016-09-03 13:00:00+00:00,Cloudy/Other,1
1,2017-02-09 09:00:00+00:00,Snow,2
1,2017-03-14 02:00:00+00:00,Cloudy/Other,2
1,2018-01-03 20:00:00+00:00,Clear,2
1,2018-01-04 12:00:00+00:00,Snow,1
1,2019-02-12 10:00:00+00:00,Rain,1
1,2019-06-01 00:00:00+00:00,Clear,1
1,2019-07-31 17:00:00+00:00,Clear,1
2,2014-01-06 08:00:00+00:00,Rain,1
2,2014-02-03 21:00:00+00:00,Snow,1
2,2014-08-12 17:00:00+00:00,Cloudy/Other,1
2,2016-01-23 16:00:00+00:00,Snow,1
2,2016-01-23 22:00:00+00:00,Snow,1
2,2016-02-05 08:00:00+00:00,Snow,1
2,2016-02-08 12:00:00+00:00,Cloudy/Other,1
2,2017-02-09 09:00:00+00:00,Snow,2
2,2017-03-14 02:00:00+00:00,Cloudy/Other,2
2,2018-01-03 20:00:00+00:00,Clear,2
2,2018-01-03 23:00:00+00:00,Cloudy/Other,1
2,2018-01-04 12:00:00+00:00,Snow,1
2,2018-01-12 16:00:00+00:00,Rain,1
2,2018-03-07 22:00:00+00:00,Snow,1
2,2019-02-12 10:00:00+00:00,Rain,1
2,2019-03-02 06:00:00+00:00,Snow,1
2,2019-06-01 00:00:00+00:00,Clear,1
2,2019-07-31 17:00:00+00:00,Clear,1
3,2014-01-06 08:00:00+00:00,Rain,1
3,2014-02-03 21:00:00+00:00,Snow,1
3,2014-08-12 17:00:00+00:00,Cloudy/Other,1
3,2016-01-23 15:00:00+00:00,Snow,1
3,2016-01-23 16:00:00+00:00,Snow,1
3,2016-01-23 22:00:00+00:00,Snow,1
3,2016-01-26 00:00:00+00:00,Clear,1
3,2016-02-05 08:00:00+00:00,Snow,1
3,2016-02-08 12:00:00+00:00,Cloudy/Other,1
3,2016-09-05 00:00:00+00:00,Clear,1
3,2017-02-09 09:00:00+00:00,Snow,2
3,2017-03-14 02:00:00+00:00,Cloudy/Other,2
3,2018-01-03 20:00:00+00:00,Clear,2
3,2018-01-03 23:00:00+00:00,Cloudy/Other,1
3,2018-01-04 12:00:00+00:00,Snow,1
3,2018-01-07 23:00:00+00:00,Clear,1
3,2018-01-12 16:00:00+00:00,Rain,1
3,2018-03-07 22:00:00+00:00,Snow,1
3,2018-03-21 00:00:00+00:00,Cloudy/Other,1
3,2019-02-12 10:00:00+00:00,Rain,1
3,2019-07-31 17:00:00+00:00,Clear,1
4,2012-12-28 22:00:00+00:00,Clear,1
4,2013-03-01 05:00:00+00:00,Clear,1
4,2013-03-20 05:00:00+00:00,Clear,1
4,2013-03-25 05:00:00+00:00,Cloudy/Other,1
4,2013-03-28 05:00:00+00:00,Clear,1
4,2014-01-06 08:00:00+00:00,Rain,1
4,2014-01-07 22:00:00+00:00,Clear,1
4,2014-02-03 21:00:00+00:00,Snow,1
4,2014-08-12 17:00:00+00:00,Cloudy/Other,1
4,2016-01-22 21:00:00+00:00,Cloudy/Other,1
4,2016-01-23 16:00:00+00:00,Snow,1
4,2016-01-23 22:00:00+00:00,Snow,1
4,2016-01-25 21:00:00+00:00,Cloudy/Other,2
4,2016-02-05 08:00:00+00:00,Snow,1
4,2016-02-08 12:00:00+00:00,Cloudy/Other,1
4,2017-02-09 09:00:00+00:00,Snow,2
4,2017-02-09 21:00:00+00:00,Clear,1
4,2017-03-14 02:00:00+00:00,Cloudy/Other,2
4,2018-01-03 20:00:00+00:00,Clear,2
4,2018-01-04 06:00:00+00:00,Snow,1
4,2018-01-04 12:00:00+00:00,Snow,1
4,2018-01-04 22:00:00+00:00,Snow,1
4,2018-01-05 23:00:00+00:00,Clear,1
4,2018-01-06 11:00:00+00:00,Clear,1
4,2018-01-12 16:00:00+00:00,Rain,1
4,2018-03-07 21:00:00+00:00,Snow,1
4,2018-12-21 07:00:00+00:00,Rain,1
4,2019-02-12 10:00:00+00:00,Rain,1
4,2019-03-02 06:00:00+00:00,Snow,1
4,2019-03-02 09:00:00+00:00,Snow,1
4,2019-06-20 18:00:00+00:00,Rain,2
4,2019-07-31 17:00:00+00:00,Clear,1
42 St Shuttle,2012-10-28 18:00:00+00:00,Cloudy/Other,1
42 St Shuttle,2017-02-09 09:00:00+00:00,Snow,2
42 St Shuttle,2017-03-14 02:00:00+00:00,Cloudy/Other,2
42 St Shuttle,2018-01-04 12:00:00+00:00,Snow,1
42 St Shuttle,2019-02-12 10:00:00+00:00,Rain,1
5,2013-02-08 17:00:00+00:00,Snow,1
5,2013-03-01 05:00:00+00:00,Clear,1
5,2013-03-20 05:00:00+00:00,Clear,1
5,2013-03-25 05:00:00+00:00,Cloudy/Other,1
5,2013-03-28 05:00:00+00:00,Clear,1
5,2014-01-06 08:00:00+00:00,Rain,1
5,2014-02-03 21:00:00+00:00,Snow,1
5,2014-08-12 17:00:00+00:00,Cloudy/Other,1
5,2015-01-27 09:00:00+00:00,Snow,1
5,2016-01-23 13:00:00+00:00,Snow,1
5,2016-01-23 16:00:00+00:00,Snow,2
5,2016-01-23 22:00:00+00:00,Snow,1
5,2016-01-25 21:00:00+00:00,Cloudy/Other,1
5,2016-02-05 08:00:00+00:00,Snow,1
5,2016-02-08 12:00:00+00:00,Cloudy/Other,1
5,2017-02-09 09:00:00+00:00,Snow,2
5,2017-02-09 21:00:00+00:00,Clear,1
5,2017-03-14 02:00:00+00:00,Cloudy/Other,2
5,2018-01-03 20:00:00+00:00,Clear,2
5,2018-01-04 06:00:00+00:00,Snow,1
5,2018-01-04 12:00:00+00:00,Snow,1
5,2018-01-04 22:00:00+00:00,Snow,1
5,2018-01-05 23:00:00+00:00,Clear,1
5,2018-01-06 11:00:00+00:00,Clear,1
5,2018-01-12 16:00:00+00:00,Rain,1
5,2018-01-15 06:00:00+00:00,Cloudy/Other,1
5,2018-03-02 11:00:00+00:00,Rain,1
5,2018-03-02 13:00:00+00:00,Snow,1
5,2018-03-07 19:00:00+00:00,Snow,1
5,2019-02-12 10:00:00+00:00,Rain,1
5,2019-03-02 06:00:00+00:00,Snow,1
5,2019-06-20 18:00:00+00:00,Rain,2
5,2019-07-31 17:00:00+00:00,Clear,1
6,2013-02-08 18:00:00+00:00,Snow,1
6,2014-01-03 06:00:00+00:00,Snow,1
6,2014-01-06 08:00:00+00:00,Rain,1
6,2014-01-06 20:00:00+00:00,Rain,1
6,2014-01-07 08:00:00+00:00,Clear,1
6,2014-01-07 19:00:00+00:00,Clear,1
6,2014-02-03 10:00:00+00:00,Snow,1
6,2014-08-12 17:00:00+00:00,Cloudy/Other,1
6,2015-01-27 09:00:00+00:00,Snow,1
6,2015-02-02 13:00:00+00:00,Rain,1
6,2016-01-23 16:00:00+00:00,Snow,1
6,2016-01-25 21:00:00+00:00,Cloudy/Other,1
6,2016-02-05 08:00:00+00:00,Snow,1
6,2016-02-08 12:00:00+00:00,Cloudy/Other,1
6,2016-09-02 18:00:00+00:00,Cloudy/Other,2
6,2017-02-09 07:00:00+00:00,Cloudy/Other,1
6,2017-02-09 09:00:00+00:00,Snow,2
6,2017-03-14 02:00:00+00:00,Cloudy/Other,2
6,2018-01-03 19:00:00+00:00,Clear,1
6,2018-01-03 20:00:00+00:00,Clear,2
6,2018-01-04 05:00:00+00:00,Cloudy/Other,1
6,2018-01-04 07:00:00+00:00,Snow,1
6,2018-01-04 12:00:00+00:00,Snow,1
6,2018-01-04 20:00:00+00:00,Snow,1
6,2018-01-05 06:00:00+00:00,Clear,1
6,2018-01-15 06:00:00+00:00,Cloudy/Other,1
6,2018-03-07 18:00:00+00:00,Snow,1
6,2018-03-08 07:00:00+00:00,Clear,1
6,2018-03-22 05:00:00+00:00,Snow,1
6,2018-07-17 16:00:00+00:00,Rain,1
6,2019-01-31 08:00:00+00:00,Clear,1
6,2019-02-12 10:00:00+00:00,Rain,1
6,2019-03-02 06:00:00+00:00,Snow,1
6,2019-03-02 11:00:00+00:00,Snow,1
6,2019-03-04 07:00:00+00:00,Snow,1
6,2019-06-20 18:00:00+00:00,Rain,2
6,2019-07-31 17:00:00+00:00,Clear,1
6,2019-09-26 17:00:00+00:00,Clear,1
6,2019-09-28 21:00:00+00:00,Clear,1
6,2019-10-25 12:00:00+00:00,Cloudy/Other,1
7,2013-02-08 09:00:00+00:00,Cloudy/Other,1
7,2014-01-03 08:00:00+00:00,Snow,1
7,2014-01-06 08:00:00+00:00,Rain,1
7,2015-01-27 09:00:00+00:00,Snow,1
7,2016-01-23 16:00:00+00:00,Snow,1
7,2016-02-05 08:00:00+00:00,Snow,1
7,2016-02-08 12:00:00+00:00,Cloudy/Other,1
7,2017-02-09 09:00:00+00:00,Snow,2
7,2017-03-14 02:00:00+00:00,Cloudy/Other,2
7,2017-05-25 16:00:00+00:00,Rain,1
7,2018-01-03 20:00:00+00:00,Clear,2
7,2018-01-04 12:00:00+00:00,Snow,1
7,2018-01-07 07:00:00+00:00,Clear,1
7,2018-03-07 17:00:00+00:00,Snow,1
7,2018-03-22 02:00:00+00:00,Snow,1
7,2018-08-22 19:00:00+00:00,Clear,1
7,2019-01-20 19:00:00+00:00,Clear,1
7,2019-02-12 10:00:00+00:00,Rain,1
7,2019-07-23 08:00:00+00:00,Rain,1
7,2019-12-11 05:00:00+00:00,Rain,1
A,2013-01-22 10:00:00+00:00,Clear,1
A,2014-01-07 20:00:00+00:00,Clear,1
A,2014-01-16 00:00:00+00:00,Cloudy/Other,1
A,2014-02-03 11:00:00+00:00,Snow,1
A,2014-02-03 20:00:00+00:00,Snow,1
A,2014-02-03 21:00:00+00:00,Snow,1
A,2014-02-13 21:00:00+00:00,Snow,1
A,2015-01-27 09:00:00+00:00,Snow,1
A,2016-01-23 13:00:00+00:00,Snow,1
A,2016-01-23 16:00:00+00:00,Snow,1
A,2016-02-05 08:00:00+00:00,Snow,1
A,2016-02-07 19:00:00+00:00,Cloudy/Other,1
A,2016-02-08 12:00:00+00:00,Cloudy/Other,1
A,2016-09-02 18:00:00+00:00,Cloudy/Other,2
A,2016-09-03 00:00:00+00:00,Cloudy/Other,1
A,2016-09-04 12:00:00+00:00,Clear,1
A,2016-09-05 08:00:00+00:00,Cloudy/Other,1
A,2017-02-09 09:00:00+00:00,Snow,2
A,2017-03-14 02:00:00+00:00,Cloudy/Other,2
A,2018-01-03 20:00:00+00:00,Clear,2
A,2018-01-04 12:00:00+00:00,Snow,1
A,2018-01-04 21:00:00+00:00,Snow,1
A,2018-03-07 20:00:00+00:00,Snow,1
A,2018-03-07 21:00:00+00:00,Snow,1
A,2019-01-26 08:00:00+00:00,Clear,1
A,2019-01-31 08:00:00+00:00,Clear,1
A,2019-02-12 10:00:00+00:00,Rain,1
A,2019-03-02 06:00:00+00:00,Snow,1
A,2019-12-05 06:00:00+00:00,Clear,1
B,2013-02-08 17:00:00+00:00,Snow,1
B,2014-01-06 21:00:00+00:00,Rain,1
B,2014-01-07 21:00:00+00:00,Clear,1
B,2014-02-03 21:00:00+00:00,Snow,1
B,2014-02-13 21:00:00+00:00,Snow,1
B,2015-01-27 09:00:00+00:00,Snow,1
B,2016-01-22 19:00:00+00:00,Cloudy/Other,1
B,2016-01-25 08:00:00+00:00,Clear,1
B,2016-01-26 06:00:00+00:00,Cloudy/Other,1
B,2016-01-26 07:00:00+00:00,Clear,1
B,2016-02-05 08:00:00+00:00,Snow,1
B,2016-02-07 19:00:00+00:00,Cloudy/Other,3
B,2016-02-07 20:00:00+00:00,Cloudy/Other,1
B,2016-02-08 12:00:00+00:00,Cloudy/Other,1
B,2016-11-21 18:00:00+00:00,Cloudy/Other,1
B,2017-02-09 09:00:00+00:00,Snow,2
B,2017-02-09 20:00:00+00:00,Snow,1
B,2017-03-14 02:00:00+00:00,Cloudy/Other,2
B,2018-01-03 20:00:00+00:00,Clear,3
B,2018-01-04 12:00:00+00:00,Snow,1
B,2018-01-04 18:00:00+00:00,Snow,1
B,2018-01-05 08:00:00+00:00,Clear,1
B,2018-03-21 17:00:00+00:00,Snow,1
B,2019-02-12 10:00:00+00:00,Rain,1
B,2019-02-20 18:00:00+00:00,Snow,1
B,2019-02-25 09:00:00+00:00,Clear,1
B,2019-02-25 16:00:00+00:00,Cloudy/Other,1
B,2019-08-13 06:00:00+00:00,Rain,1
B,2019-12-05 06:00:00+00:00,Clear,1
B1,2016-01-24 08:00:00+00:00,Clear,1
B100,2016-01-24 08:00:00+00:00,Clear,1
B103-LTD,2016-01-24 08:00:00+00:00,Clear,1
B11,2016-01-24 08:00:00+00:00,Clear,1
B12,2016-01-24 08:00:00+00:00,Clear,1
B13,2016-01-24 08:00:00+00:00,Clear,1
B14,2016-01-24 08:00:00+00:00,Clear,1
B15,2016-01-24 08:00:00+00:00,Clear,1
B16,2016-01-24 08:00:00+00:00,Clear,1
B17,2016-01-24 08:00:00+00:00,Clear,1
B2,2016-01-24 08:00:00+00:00,Clear,1
B20,2016-01-24 08:00:00+00:00,Clear,1
B24,2016-01-24 08:00:00+00:00,Clear,1
B25,2016-01-24 08:00:00+00:00,Clear,1
B26,2016-01-24 08:00:00+00:00,Clear,1
B3,2016-01-24 08:00:00+00:00,Clear,1
B31,2016-01-24 08:00:00+00:00,Clear,1
B32,2016-01-24 08:00:00+00:00,Clear,1
B35,2016-01-24 08:00:00+00:00,Clear,1
B35-LTD,2016-01-24 08:00:00+00:00,Clear,1
B36,2016-01-24 08:00:00+00:00,Clear,1
B37,2016-01-24 08:00:00+00:00,Clear,1
B38,2016-01-24 08:00:00+00:00,Clear,1
B38-LTD,2016-01-24 08:00:00+00:00,Clear,1
B39,2016-01-24 08:00:00+00:00,Clear,1
B4,2016-01-24 08:00:00+00:00,Clear,1
B41,2016-01-24 08:00:00+00:00,Clear,1
B41-LTD,2016-01-24 08:00:00+00:00,Clear,1
B42,2016-01-24 08:00:00+00:00,Clear,1
B43,2016-01-24 08:00:00+00:00,Clear,1
B44,2016-01-24 08:00:00+00:00,Clear,1
B44+,2016-01-24 08:00:00+00:00,Clear,1
B45,2016-01-24 08:00:00+00:00,Clear,1
B46,2016-01-24 08:00:00+00:00,Clear,1
B46-SBS,2016-01-24 08:00:00+00:00,Clear,1
B47,2016-01-24 08:00:00+00:00,Clear,1
B48,2016-01-24 08:00:00+00:00,Clear,1
B49,2016-01-24 08:00:00+00:00,Clear,1
B49-LTD,2016-01-24 08:00:00+00:00,Clear,1
B52,2016-01-24 08:00:00+00:00,Clear,1
B54,2016-01-24 08:00:00+00:00,Clear,1
B57,2016-01-24 08:00:00+00:00,Clear,1
B6,2016-01-24 08:00:00+00:00,Clear,1
B6-SBS,2016-01-24 08:00:00+00:00,Clear,1
B60,2016-01-24 08:00:00+00:00,Clear,1
B61,2016-01-24 08:00:00+00:00,Clear,1
B62,2016-01-24 08:00:00+00:00,Clear,1
B63,2016-01-24 08:00:00+00:00,Clear,1
B64,2016-01-24 08:00:00+00:00,Clear,1
B65,2016-01-24 08:00:00+00:00,Clear,1
B67,2016-01-24 08:00:00+00:00,Clear,1
B68,2016-01-24 08:00:00+00:00,Clear,1
B69,2016-01-24 08:00:00+00:00,Clear,1
B7,2016-01-24 08:00:00+00:00,Clear,1
B70,2016-01-24 08:00:00+00:00,Clear,1
B74,2016-01-24 08:00:00+00:00,Clear,1
B8,2016-01-24 08:00:00+00:00,Clear,1
B82,2016-01-24 08:00:00+00:00,Clear,1
B82-SBS,2016-01-24 08:00:00+00:00,Clear,1
B83,2016-01-24 08:00:00+00:00,Clear,1
B84,2016-01-24 08:00:00+00:00,Clear,1
B9,2016-01-24 08:00:00+00:00,Clear,1
BM1,2016-01-24 08:00:00+00:00,Clear,1
BM2,2016-01-24 08:00:00+00:00,Clear,1
BM3,2016-01-24 08:00:00+00:00,Clear,1
BM4,2016-01-24 08:00:00+00:00,Clear,1
BM5,2016-01-24 08:00:00+00:00,Clear,1
C,2014-02-03 21:00:00+00:00,Snow,1
C,2014-02-13 21:00:00+00:00,Snow,1
C,2015-01-26 18:00:00+00:00,Snow,1
C,2015-01-27 09:00:00+00:00,Snow,1
C,2016-01-23 16:00:00+00:00,Snow,1
C,2017-02-09 09:00:00+00:00,Snow,2
C,2017-03-14 02:00:00+00:00,Cloudy/Other,2
C,2018-01-03 20:00:00+00:00,Clear,2
C,2018-01-04 12:00:00+00:00,Snow,1
C,2019-02-12 10:00:00+00:00,Rain,1
C,2019-12-05 06:00:00+00:00,Clear,1
D,2014-01-07 19:00:00+00:00,Clear,2
D,2014-01-07 21:00:00+00:00,Clear,1
D,2014-02-03 21:00:00+00:00,Snow,1
D,2014-02-04 10:00:00+00:00,Clear,1
D,2014-02-13 21:00:00+00:00,Snow,1
D,2015-01-27 09:00:00+00:00,Snow,1
D,2016-01-23 16:00:00+00:00,Snow,1
D,2016-01-24 22:00:00+00:00,Snow,1
D,2016-02-05 08:00:00+00:00,Snow,1
D,2016-02-08 12:00:00+00:00,Cloudy/Other,1
D,2016-09-02 18:00:00+00:00,Cloudy/Other,1
D,2016-09-03 00:00:00+00:00,Cloudy/Other,1
D,2016-09-03 13:00:00+00:00,Cloudy/Other,1
D,2016-09-04 07:00:00+00:00,Clear,1
D,2016-09-05 08:00:00+00:00,Cloudy/Other,1
D,2017-02-09 09:00:00+00:00,Snow,2
D,2017-03-14 02:00:00+00:00,Cloudy/Other,2
D,2018-01-03 20:00:00+00:00,Clear,3
D,2018-01-04 05:00:00+00:00,Cloudy/Other,1
D,2018-01-04 12:00:00+00:00,Snow,1
D,2018-01-05 10:00:00+00:00,Clear,1
D,2018-01-05 12:00:00+00:00,Clear,1
D,2018-01-05 19:00:00+00:00,Clear,1
D,2018-01-12 16:00:00+00:00,Rain,1
D,2018-03-02 13:00:00+00:00,Snow,1
D,2018-03-07 19:00:00+00:00,Snow,1
D,2018-03-22 07:00:00+00:00,Snow,1
D,2019-02-12 10:00:00+00:00,Rain,1
D,2019-02-20 18:00:00+00:00,Snow,1
D,2019-02-25 16:00:00+00:00,Cloudy/Other,1
D,2019-05-11 23:00:00+00:00,Cloudy/Other,1
D,2019-10-02 13:00:00+00:00,Clear,1
D,2019-11-28 09:00:00+00:00,Cloudy/Other,1
D,2019-12-05 06:00:00+00:00,Clear,1
E,2017-02-09 09:00:00+00:00,Snow,2
E,2017-03-14 02:00:00+00:00,Cloudy/Other,2
E,2018-01-03 20:00:00+00:00,Clear,2
E,2018-01-03 21:00:00+00:00,Clear,1
E,2018-01-04 12:00:00+00:00,Snow,1
E,2018-03-21 21:00:00+00:00,Snow,1
E,2019-02-12 10:00:00+00:00,Rain,1
E,2019-11-26 18:00:00+00:00,Clear,1
F,2016-02-05 08:00:00+00:00,Snow,1
F,2016-02-08 12:00:00+00:00,Cloudy/Other,1
F,2017-02-09 09:00:00+00:00,Snow,2
F,2017-03-14 02:00:00+00:00,Cloudy/Other,2
F,2018-01-03 20:00:00+00:00,Clear,2
F,2018-01-03 21:00:00+00:00,Clear,1
F,2018-01-04 12:00:00+00:00,Snow,1
F,2018-01-04 22:00:00+00:00,Snow,1
F,2018-01-07 23:00:00+00:00,Clear,1
F,2018-03-07 22:00:00+00:00,Snow,1
F,2018-03-21 21:00:00+00:00,Snow,1
F,2019-02-12 10:00:00+00:00,Rain,1
F,2019-04-29 07:00:00+00:00,Clear,1
F,2019-11-25 14:00:00+00:00,Clear,1
F,2019-11-26 18:00:00+00:00,Clear,1
Franklin Av Shuttle,2016-01-23 11:00:00+00:00,Snow,1
Franklin Av Shuttle,2016-02-05 08:00:00+00:00,Snow,1
Franklin Av Shuttle,2016-02-08 12:00:00+00:00,Cloudy/Other,1
Franklin Av Shuttle,2017-02-09 09:00:00+00:00,Snow,2
Franklin Av Shuttle,2017-03-14 02:00:00+00:00,Cloudy/Other,2
Franklin Av Shuttle,2018-01-04 12:00:00+00:00,Snow,1
Franklin Av Shuttle,2019-02-12 10:00:00+00:00,Rain,1
G,2016-01-23 16:00:00+00:00,Snow,2
G,2016-02-05 08:00:00+00:00,Snow,1
G,2016-02-08 12:00:00+00:00,Cloudy/Other,1
G,2017-02-09 09:00:00+00:00,Snow,2
G,2017-03-14 02:00:00+00:00,Cloudy/Other,2
G,2018-01-03 20:00:00+00:00,Clear,2
G,2018-01-04 12:00:00+00:00,Snow,1
G,2019-02-12 10:00:00+00:00,Rain,1
H,2013-01-22 10:00:00+00:00,Clear,1
J,2013-02-08 17:00:00+00:00,Snow,1
J,2015-01-27 09:00:00+00:00,Snow,1
J,2016-01-23 10:00:00+00:00,Snow,1
J,2016-01-23 16:00:00+00:00,Snow,1
J,2016-02-05 08:00:00+00:00,Snow,1
J,2016-02-08 12:00:00+00:00,Cloudy/Other,1
J,2017-02-09 09:00:00+00:00,Snow,2
J,2017-03-14 02:00:00+00:00,Cloudy/Other,2
J,2018-01-03 20:00:00+00:00,Clear,2
J,2018-01-04 12:00:00+00:00,Snow,1
J,2018-01-04 17:00:00+00:00,Snow,1
J,2018-03-07 18:00:00+00:00,Snow,1
J,2019-02-12 10:00:00+00:00,Rain,1
J,2019-12-09 09:00:00+00:00,Rain,1
L,2016-01-23 10:00:00+00:00,Snow,1
L,2016-01-23 16:00:00+00:00,Snow,1
L,2016-02-05 08:00:00+00:00,Snow,1
L,2016-02-08 12:00:00+00:00,Cloudy/Other,1
L,2017-02-09 09:00:00+00:00,Snow,2
L,2017-03-14 02:00:00+00:00,Cloudy/Other,2
L,2018-01-03 20:00:00+00:00,Clear,2
L,2018-01-04 12:00:00+00:00,Snow,1
L,2018-01-05 06:00:00+00:00,Clear,1
L,2018-03-21 21:00:00+00:00,Snow,1
L,2019-02-12 10:00:00+00:00,Rain,1
M,2015-01-27 09:00:00+00:00,Snow,1
M,2016-01-23 10:00:00+00:00,Snow,1
M,2016-01-23 16:00:00+00:00,Snow,1
M,2016-02-05 08:00:00+00:00,Snow,1
M,2016-02-08 12:00:00+00:00,Cloudy/Other,1
M,2017-02-09 09:00:00+00:00,Snow,2
M,2017-03-14 02:00:00+00:00,Cloudy/Other,2
M,2018-01-03 20:00:00+00:00,Clear,2
M,2018-01-04 12:00:00+00:00,Snow,1
M,2018-03-07 18:00:00+00:00,Snow,1
M,2019-02-12 10:00:00+00:00,Rain,1
M,2019-03-02 06:00:00+00:00,Snow,1
M,2019-04-29 07:00:00+00:00,Clear,1
N,2014-01-07 19:00:00+00:00,Clear,1
N,2014-02-03 20:00:00+00:00,Snow,1
N,2014-02-04 10:00:00+00:00,Clear,1
N,2016-01-23 12:00:00+00:00,Snow,1
N,2016-01-23 16:00:00+00:00,Snow,2
N,2016-02-05 08:00:00+00:00,Snow,1
N,2016-02-08 12:00:00+00:00,Cloudy/Other,1
N,2016-09-02 18:00:00+00:00,Cloudy/Other,1
N,2016-09-03 00:00:00+00:00,Cloudy/Other,1
N,2016-09-03 13:00:00+00:00,Cloudy/Other,1
N,2016-09-04 07:00:00+00:00,Clear,1
N,2016-09-05 08:00:00+00:00,Cloudy/Other,1
N,2017-02-09 09:00:00+00:00,Snow,2
N,2017-03-14 02:00:00+00:00,Cloudy/Other,2
N,2017-03-14 05:00:00+00:00,Snow,1
N,2018-01-03 20:00:00+00:00,Clear,3
N,2018-01-04 05:00:00+00:00,Cloudy/Other,1
N,2018-01-04 11:00:00+00:00,Snow,1
N,2018-01-04 12:00:00+00:00,Snow,1
N,2018-01-04 21:00:00+00:00,Snow,1
N,2018-01-05 10:00:00+00:00,Clear,1
N,2018-01-05 12:00:00+00:00,Clear,1
N,2018-01-05 19:00:00+00:00,Clear,1
N,2018-01-07 23:00:00+00:00,Clear,1
N,2018-03-07 19:00:00+00:00,Snow,1
N,2018-03-07 20:00:00+00:00,Snow,1
N,2018-03-07 22:00:00+00:00,Snow,1
N,2018-11-06 07:00:00+00:00,Cloudy/Other,1
N,2019-02-10 00:00:00+00:00,Clear,1
N,2019-02-12 10:00:00+00:00,Rain,1
N,2019-02-20 18:00:00+00:00,Snow,1
N,2019-02-25 16:00:00+00:00,Cloudy/Other,1
N,2019-10-29 07:00:00+00:00,Rain,1
N,2019-12-17 09:00:00+00:00,Rain,1
Q,2014-01-02 17:00:00+00:00,Cloudy/Other,1
Q,2014-01-23 21:00:00+00:00,Cloudy/Other,1
Q,2014-02-03 21:00:00+00:00,Snow,1
Q,2014-02-13 21:00:00+00:00,Snow,1
Q,2015-01-27 09:00:00+00:00,Snow,1
Q,2016-01-23 16:00:00+00:00,Snow,2
Q,2016-01-26 07:00:00+00:00,Clear,1
Q,2016-02-05 08:00:00+00:00,Snow,1
Q,2016-02-08 12:00:00+00:00,Cloudy/Other,1
Q,2016-09-02 18:00:00+00:00,Cloudy/Other,1
Q,2016-09-03 00:00:00+00:00,Cloudy/Other,1
Q,2016-09-04 07:00:00+00:00,Clear,1
Q,2016-09-05 08:00:00+00:00,Cloudy/Other,1
Q,2016-11-21 18:00:00+00:00,Cloudy/Other,1
Q,2017-02-09 09:00:00+00:00,Snow,2
Q,2017-03-14 02:00:00+00:00,Cloudy/Other,2
Q,2017-03-14 05:00:00+00:00,Snow,1
Q,2017-03-16 18:00:00+00:00,Clear,1
Q,2018-01-03 20:00:00+00:00,Clear,3
Q,2018-01-04 12:00:00+00:00,Snow,1
Q,2018-01-04 21:00:00+00:00,Snow,1
Q,2018-01-05 08:00:00+00:00,Clear,1
Q,2018-03-07 20:00:00+00:00,Snow,1
Q,2018-03-07 22:00:00+00:00,Snow,1
Q,2018-11-13 00:00:00+00:00,Cloudy/Other,1
Q,2019-02-12 10:00:00+00:00,Rain,1
Q,2019-02-20 18:00:00+00:00,Snow,1
Q,2019-02-25 09:00:00+00:00,Clear,1
Q,2019-02-25 16:00:00+00:00,Cloudy/Other,1
Q,2019-08-13 06:00:00+00:00,Rain,1
Q22,2013-01-22 10:00:00+00:00,Clear,1
R,2013-03-01 05:00:00+00:00,Clear,1
R,2013-03-20 05:00:00+00:00,Clear,1
R,2013-03-25 05:00:00+00:00,Cloudy/Other,1
R,2013-03-28 05:00:00+00:00,Clear,1
R,2016-01-23 16:00:00+00:00,Snow,2
R,2016-02-08 12:00:00+00:00,Cloudy/Other,1
R,2016-09-03 13:00:00+00:00,Cloudy/Other,1
R,2017-02-09 09:00:00+00:00,Snow,2
R,2017-03-14 02:00:00+00:00,Cloudy/Other,2
R,2018-01-03 20:00:00+00:00,Clear,2
R,2018-01-04 12:00:00+00:00,Snow,1
R,2018-01-05 10:00:00+00:00,Clear,1
R,2019-02-10 00:00:00+00:00,Clear,1
R,2019-02-12 10:00:00+00:00,Rain,1
R,2019-12-02 08:00:00+00:00,Rain,1
Rockaway Shuttle,2014-02-13 20:00:00+00:00,Snow,1
Rockaway Shuttle,2016-01-23 11:00:00+00:00,Snow,1
Rockaway Shuttle,2016-02-05 08:00:00+00:00,Snow,1
Rockaway Shuttle,2016-02-08 12:00:00+00:00,Cloudy/Other,1
Rockaway Shuttle,2017-02-09 09:00:00+00:00,Snow,2
Rockaway Shuttle,2017-03-14 02:00:00+00:00,Cloudy/Other,2
Rockaway Shuttle,2018-01-04 12:00:00+00:00,Snow,1
Rockaway Shuttle,2019-02-12 10:00:00+00:00,Rain,1
SIR,2015-11-19 11:00:00+00:00,Cloudy/Other,1
SIR,2016-01-23 10:00:00+00:00,Snow,1
SIR,2016-01-23 13:00:00+00:00,Snow,1
SIR,2016-01-23 17:00:00+00:00,Snow,1
SIR,2016-01-25 07:00:00+00:00,Clear,1
SIR,2016-02-05 08:00:00+00:00,Snow,1
SIR,2016-09-03 20:00:00+00:00,Cloudy/Other,1
SIR,2016-10-21 09:00:00+00:00,Cloudy/Other,1
SIR,2016-10-24 04:00:00+00:00,Clear,1
SIR,2017-02-09 09:00:00+00:00,Snow,2
SIR,2017-02-10 08:00:00+00:00,Clear,1
SIR,2017-03-14 02:00:00+00:00,Cloudy/Other,2
SIR,2017-05-05 13:00:00+00:00,Rain,1
SIR,2017-08-18 20:00:00+00:00,Rain,1
SIR,2017-10-29 22:00:00+00:00,Rain,1
SIR,2017-11-06 09:00:00+00:00,Rain,1
SIR,2017-12-14 01:00:00+00:00,Cloudy/Other,1
SIR,2018-01-04 07:00:00+00:00,Snow,1
SIR,2018-01-04 12:00:00+00:00,Snow,1
SIR,2018-01-04 16:00:00+00:00,Snow,1
SIR,2018-03-02 15:00:00+00:00,Snow,1
SIR,2018-03-21 12:00:00+00:00,Snow,1
SIR,2018-04-16 09:00:00+00:00,Rain,1
SIR,2018-06-18 19:00:00+00:00,Cloudy/Other,1
SIR,2018-07-27 20:00:00+00:00,Clear,1
SIR,2018-10-13 07:00:00+00:00,Cloudy/Other,1
SIR,2018-11-25 01:00:00+00:00,Rain,1
SIR,2019-02-12 10:00:00+00:00,Rain,1
SIR,2019-07-17 23:00:00+00:00,Cloudy/Other,1
SIR,2019-07-22 20:00:00+00:00,Rain,1
SIR,2019-08-07 18:00:00+00:00,Cloudy/Other,1
SIR,2019-10-07 23:00:00+00:00,Rain,1
SIR,2019-10-09 12:00:00+00:00,Rain,1
SIR,2019-10-16 15:00:00+00:00,Rain,1
SIR,2019-10-22 18:00:00+00:00,Cloudy/Other,1
SIR,2019-10-27 07:00:00+00:00,Cloudy/Other,1
SIR,2019-10-31 19:00:00+00:00,Rain,1
SIR,2019-11-05 04:00:00+00:00,Clear,1
SIR,2019-11-07 18:00:00+00:00,Cloudy/Other,1
SIR,2019-11-12 19:00:00+00:00,Snow,1
SIR,2019-11-22 19:00:00+00:00,Rain,1
SIR,2019-11-23 21:00:00+00:00,Cloudy/Other,1
SIR,2019-12-02 08:00:00+00:00,Rain,1
SIR,2019-12-06 16:00:00+00:00,Cloudy/Other,1
SIR,2019-12-13 16:00:00+00:00,Cloudy/Other,1
SIR,2019-12-16 19:00:00+00:00,Cloudy/Other,2
W,2017-02-09 09:00:00+00:00,Snow,2
W,2017-03-14 02:00:00+00:00,Cloudy/Other,2
W,2017-03-14 05:00:00+00:00,Snow,1
W,2018-01-03 20:00:00+00:00,Clear,3
W,2018-01-04 12:00:00+00:00,Snow,1
W,2018-03-21 17:00:00+00:00,Snow,1
W,2019-02-12 10:00:00+00:00,Rain,1
W,2019-12-17 09:00:00+00:00,Rain,1
Z,2015-01-27 09:00:00+00:00,Snow,1
Z,2017-02-09 09:00:00+00:00,Snow,2
Z,2017-03-14 02:00:00+00:00,Cloudy/Other,2
Z,2018-01-03 20:00:00+00:00,Clear,2
Z,2018-01-04 12:00:00+00:00,Snow,1
Z,2019-02-12 10:00:00+00:00,Rain,1
